{"cameraMode":{"drawMode":0,"name":"Shaded","section":"Shading Mode"},"sceneLighting":false,"audioPlay":false,"sceneViewState":{"m_AlwaysRefresh":false,"showFog":true,"showSkybox":false,"showFlares":true,"showImageEffects":true,"showParticleSystems":true,"showVisualEffectGraphs":true,"m_FxEnabled":true},"in2DMode":false,"pivot":{"x":0.016034424304962159,"y":2.342099189758301,"z":0.15722930431365968},"rotation":{"x":0.2838720679283142,"y":0.0549284927546978,"z":-0.01624199002981186,"w":0.9571645855903626},"size":1.8630937337875367,"orthographic":false}