{"cameraMode":{"drawMode":0,"name":"Shaded","section":"Shading Mode"},"sceneLighting":true,"audioPlay":false,"sceneViewState":{"m_AlwaysRefresh":false,"showFog":true,"showSkybox":true,"showFlares":true,"showImageEffects":true,"showParticleSystems":true,"showVisualEffectGraphs":true,"m_FxEnabled":true},"in2DMode":false,"pivot":{"x":2.7257485389709474,"y":1.4037797451019288,"z":5.172442436218262},"rotation":{"x":-0.4009527564048767,"y":-0.08172823488712311,"z":0.03594670072197914,"w":-0.9117419123649597},"size":10.746482849121094,"orthographic":false}