{"cameraMode":{"drawMode":0,"name":"Shaded","section":"Shading Mode"},"sceneLighting":true,"audioPlay":false,"sceneViewState":{"m_AlwaysRefresh":false,"showFog":true,"showSkybox":true,"showFlares":true,"showImageEffects":true,"showParticleSystems":true,"showVisualEffectGraphs":true,"m_FxEnabled":true},"in2DMode":false,"pivot":{"x":1.4800000190734864,"y":1.0344629287719727,"z":1.4081780910491944},"rotation":{"x":-0.3370788097381592,"y":0.0005639074370265007,"z":-0.00019625996355898678,"w":-0.9414809942245483},"size":1.3874812126159669,"orthographic":false}