{"cameraMode":{"drawMode":0,"name":"Shaded","section":"Shading Mode"},"sceneLighting":true,"audioPlay":false,"sceneViewState":{"m_AlwaysRefresh":false,"showFog":true,"showSkybox":true,"showFlares":true,"showImageEffects":true,"showParticleSystems":true,"showVisualEffectGraphs":true,"m_FxEnabled":true},"in2DMode":false,"pivot":{"x":2.0168821811676027,"y":1.9359703063964844,"z":-6.856659889221191},"rotation":{"x":0.4135191738605499,"y":0.0016671003540977836,"z":-0.0007065582904033363,"w":0.9105092883110046},"size":7.122535705566406,"orthographic":false}