{"cameraMode":{"drawMode":0,"name":"Shaded","section":"Shading Mode"},"sceneLighting":false,"audioPlay":false,"sceneViewState":{"m_AlwaysRefresh":false,"showFog":true,"showSkybox":false,"showFlares":true,"showImageEffects":true,"showParticleSystems":true,"showVisualEffectGraphs":true,"m_FxEnabled":true},"in2DMode":false,"pivot":{"x":0.06391340494155884,"y":1.1055299043655396,"z":0.46722114086151125},"rotation":{"x":-0.14559891819953919,"y":0.47389450669288638,"z":-0.07981900125741959,"w":-0.864824652671814},"size":2.151665687561035,"orthographic":false}