{"cameraMode":{"drawMode":0,"name":"Shaded","section":"Shading Mode"},"sceneLighting":false,"audioPlay":false,"sceneViewState":{"m_AlwaysRefresh":false,"showFog":true,"showSkybox":false,"showFlares":true,"showImageEffects":true,"showParticleSystems":true,"showVisualEffectGraphs":true,"m_FxEnabled":true},"in2DMode":false,"pivot":{"x":0.024827957153320314,"y":0.7640665173530579,"z":-0.5064084529876709},"rotation":{"x":-0.11634281277656555,"y":-0.8528368473052979,"z":0.2142975777387619,"w":-0.4618983268737793},"size":1.6539437770843506,"orthographic":false}