{"cameraMode":{"drawMode":0,"name":"Shaded","section":"Shading Mode"},"sceneLighting":false,"audioPlay":false,"sceneViewState":{"m_AlwaysRefresh":false,"showFog":true,"showSkybox":false,"showFlares":true,"showImageEffects":true,"showParticleSystems":true,"showVisualEffectGraphs":true,"m_FxEnabled":true},"in2DMode":false,"pivot":{"x":0.19242238998413087,"y":0.9874851703643799,"z":0.06952476501464844},"rotation":{"x":-0.05278418958187103,"y":0.0095838513225317,"z":-0.0005013556801714003,"w":-0.9985642433166504},"size":4.319991588592529,"orthographic":false}