{"cameraMode":{"drawMode":0,"name":"Shaded","section":"Shading Mode"},"sceneLighting":true,"audioPlay":false,"sceneViewState":{"m_AlwaysRefresh":false,"showFog":true,"showSkybox":false,"showFlares":true,"showImageEffects":true,"showParticleSystems":true,"showVisualEffectGraphs":true,"m_FxEnabled":true},"in2DMode":false,"pivot":{"x":0.002480254042893648,"y":0.9960036873817444,"z":0.010012524202466011},"rotation":{"x":-0.0023093726485967638,"y":-0.7155448198318481,"z":0.0023723121266812088,"w":-0.6985664367675781},"size":1.0674134492874146,"orthographic":false}