{"cameraMode":{"drawMode":0,"name":"Shaded","section":"Shading Mode"},"sceneLighting":false,"audioPlay":false,"sceneViewState":{"m_AlwaysRefresh":false,"showFog":true,"showSkybox":false,"showFlares":true,"showImageEffects":true,"showParticleSystems":true,"showVisualEffectGraphs":true,"m_FxEnabled":true},"in2DMode":false,"pivot":{"x":-0.00974416732788086,"y":1.248600959777832,"z":0.22736406326293946},"rotation":{"x":-0.05278418958187103,"y":0.0095838513225317,"z":-0.0005013556801714003,"w":-0.9985642433166504},"size":4.550217151641846,"orthographic":false}