{"cameraMode":{"drawMode":0,"name":"Shaded","section":"Shading Mode"},"sceneLighting":true,"audioPlay":false,"sceneViewState":{"m_AlwaysRefresh":false,"showFog":true,"showSkybox":false,"showFlares":true,"showImageEffects":true,"showParticleSystems":true,"showVisualEffectGraphs":true,"m_FxEnabled":true},"in2DMode":false,"pivot":{"x":0.02567712776362896,"y":0.9894115924835205,"z":0.07137912511825562},"rotation":{"x":-0.14870521426200868,"y":-0.5774469375610352,"z":0.1079585999250412,"w":-0.7954851388931274},"size":1.8917431831359864,"orthographic":false}