{"cameraMode":{"drawMode":0,"name":"Shaded","section":"Shading Mode"},"sceneLighting":false,"audioPlay":false,"sceneViewState":{"m_AlwaysRefresh":false,"showFog":true,"showSkybox":false,"showFlares":true,"showImageEffects":true,"showParticleSystems":true,"showVisualEffectGraphs":true,"m_FxEnabled":true},"in2DMode":false,"pivot":{"x":-0.025817766785621644,"y":-0.019247783347964288,"z":-0.0012382165296003223},"rotation":{"x":-0.16598019003868104,"y":-0.028466982766985894,"z":0.004744222387671471,"w":-0.9857799410820007},"size":7.118836402893066,"orthographic":false}