{"cameraMode":{"drawMode":0,"name":"Shaded","section":"Shading Mode"},"sceneLighting":false,"audioPlay":false,"sceneViewState":{"m_AlwaysRefresh":false,"showFog":true,"showSkybox":false,"showFlares":true,"showImageEffects":true,"showParticleSystems":true,"showVisualEffectGraphs":true,"m_FxEnabled":true},"in2DMode":false,"pivot":{"x":0.045901596546173099,"y":0.7645068764686585,"z":-0.5409765243530273},"rotation":{"x":0.0012175384908914567,"y":0.9984741806983948,"z":-0.05127434805035591,"w":0.02330474555492401},"size":2.183135509490967,"orthographic":false}